"DESCRIPTION","DURATION IN MS","NAME","PARENT SUITE","START TIME","STATUS","STOP TIME","SUB SUITE","SUITE","TEST CLASS","TEST METHOD"
"","204438","CR Evergreen funnel -- @1.8 ","","2026-09-04","passed","2026-09-04","","","",""
"","81157","CR Evergreen funnel -- @1.1 ","","2026-09-04","passed","2026-09-04","","","",""
"","112905","CR Evergreen funnel -- @1.5 ","","2026-09-04","passed","2026-09-04","","","",""
"","113188","CR Evergreen funnel -- @1.2 ","","2026-09-04","passed","2026-09-04","","","",""
"","157663","CR Evergreen funnel -- @1.6 ","","2026-09-04","passed","2026-09-04","","","",""
"","110849","CR Evergreen funnel -- @1.3 ","","2026-09-04","passed","2026-09-04","","","",""
"","142959","CR Evergreen funnel -- @1.7 ","","2026-09-04","passed","2026-09-04","","","",""
"","111405","CR Evergreen funnel -- @1.4 ","","2026-09-04","passed","2026-09-04","","","",""
"","159041","CR Evergreen funnel -- @1.9 ","","2026-09-04","passed","2026-09-04","","","",""
