LG-Ari Whitten-Energy-1-425x300px,https://zonia.com/lgmb5e/lg-energy?a=zoniablog&b=962312ec&chan=lg_energy_ari_whitten_1
LG-Ari Whitten-Energy-1-425x425px,https://zonia.com/lgmb5e/lg-energy?a=zoniablog&b=962312ec&chan=lg_energy_ari_whitten_1
LG-Ari Whitten-Energy-1-425x700px,https://zonia.com/lgmb5e/lg-energy?a=zoniablog&b=962312ec&chan=lg_energy_ari_whitten_1
LG-Brian Vaszily-Skin Health-1-425x300px,https://zonia.com/lgmb5e/lg-skin-health?a=zoniablog&b=26868964&chan=lg_skin_health_brian_vaszily_1
LG-Brian Vaszily-Skin Health-1-425x425px,https://zonia.com/lgmb5e/lg-skin-health?a=zoniablog&b=26868964&chan=lg_skin_health_brian_vaszily_1
LG-Brian Vaszily-Skin Health-1-425x700px,https://zonia.com/lgmb5e/lg-skin-health?a=zoniablog&b=26868964&chan=lg_skin_health_brian_vaszily_1
LG-JJ Virgin-Metabolism-1-425x300px,https://zonia.com/lgmb5e/lg-metabolism?a=zoniablog&b=7811aefc&chan=lg_metabolism_jj_virgin_1
LG-JJ Virgin-Metabolism-1-425x425px,https://zonia.com/lgmb5e/lg-metabolism?a=zoniablog&b=7811aefc&chan=lg_metabolism_jj_virgin_1
LG-JJ Virgin-Metabolism-1-425x700px,https://zonia.com/lgmb5e/lg-metabolism?a=zoniablog&b=7811aefc&chan=lg_metabolism_jj_virgin_1
LG-Jill Carnahan-Brain Health-1-425x300px,https://zonia.com/lgmb5e/lg-brain-health?a=zoniablog&b=ce3e026e&chan=lg_brain_health_jill_carnahan_1
LG-Jill Carnahan-Brain Health-1-425x425px,https://zonia.com/lgmb5e/lg-brain-health?a=zoniablog&b=ce3e026e&chan=lg_brain_health_jill_carnahan_1
LG-Jill Carnahan-Brain Health-1-425x700px,https://zonia.com/lgmb5e/lg-brain-health?a=zoniablog&b=ce3e026e&chan=lg_brain_health_jill_carnahan_1
LG-Joel Fuhrman-Inflammation-1-425x300px,https://zonia.com/lgmb5e/lg-inflammation?a=zoniablog&b=9bde57a0&chan=lg_inflammation_joel_fuhrman_1
LG-Joel Fuhrman-Inflammation-1-425x425px,https://zonia.com/lgmb5e/lg-inflammation?a=zoniablog&b=9bde57a0&chan=lg_inflammation_joel_fuhrman_1
LG-Joel Fuhrman-Inflammation-1-425x700px,https://zonia.com/lgmb5e/lg-inflammation?a=zoniablog&b=9bde57a0&chan=lg_inflammation_joel_fuhrman_1
LG-Stefan Apostolov-Main-1-425x300px,https://zonia.com/lgmb5e/ageless?a=zoniablog&b=bdf26082&chan=lg_main_stefan_apostolov_1
LG-Stefan Apostolov-Main-1-425x425px,https://zonia.com/lgmb5e/ageless?a=zoniablog&b=bdf26082&chan=lg_main_stefan_apostolov_1
LG-Stefan Apostolov-Main-1-425x700px,https://zonia.com/lgmb5e/ageless?a=zoniablog&b=bdf26082&chan=lg_main_stefan_apostolov_1
BB-Austin Perlmutter-Mood-1-425x300px,https://zonia.com/bbmb5e/bb-mood?a=zoniablog&b=01c66d2c&chan=bb_mood_austin_perlmutter_1
BB-Austin Perlmutter-Mood-1-425x425px,https://zonia.com/bbmb5e/bb-mood?a=zoniablog&b=01c66d2c&chan=bb_mood_austin_perlmutter_1
BB-Austin Perlmutter-Mood-1-425x700px,https://zonia.com/bbmb5e/bb-mood?a=zoniablog&b=01c66d2c&chan=bb_mood_austin_perlmutter_1
BB-Jeffrey Bland-Detox-1-425x300px,https://zonia.com/bbmb5e/bb-detox?a=zoniablog&b=d250c796&chan=bb_detox_jeffrey_bland_1
BB-Jeffrey Bland-Detox-1-425x425px,https://zonia.com/bbmb5e/bb-detox?a=zoniablog&b=d250c796&chan=bb_detox_jeffrey_bland_1
BB-Jeffrey Bland-Detox-1-425x700px,https://zonia.com/bbmb5e/bb-detox?a=zoniablog&b=d250c796&chan=bb_detox_jeffrey_bland_1
BB-Joel Fuhrman-Immunity-1-425x300px,https://zonia.com/bbmb5e/bb-immunity?a=zoniablog&b=cbcac2f2&chan=bb_immunity_joel_fuhrman_1
BB-Joel Fuhrman-Immunity-1-425x425px,https://zonia.com/bbmb5e/bb-immunity?a=zoniablog&b=cbcac2f2&chan=bb_immunity_joel_fuhrman_1
BB-Joel Fuhrman-Immunity-1-425x700px,https://zonia.com/bbmb5e/bb-immunity?a=zoniablog&b=cbcac2f2&chan=bb_immunity_joel_fuhrman_1
BB-Stefan Apostolov-Main-1-425x300px,https://zonia.com/bbmb5e/beyond-the-brain?a=zoniablog&b=492e7533&chan=bb_main_stefan_apostolov_1
BB-Stefan Apostolov-Main-1-425x425px,https://zonia.com/bbmb5e/beyond-the-brain?a=zoniablog&b=492e7533&chan=bb_main_stefan_apostolov_1
BB-Stefan Apostolov-Main-1-425x700px,https://zonia.com/bbmb5e/beyond-the-brain?a=zoniablog&b=492e7533&chan=bb_main_stefan_apostolov_1
BB-Tom OBrian-Gut Health-1-425x300px,https://zonia.com/bbmb5e/bb-gut-health?a=zoniablog&b=08790e0d&chan=bb_gut_health_tom_o_brian_1
BB-Tom OBrian-Gut Health-1-425x425px,https://zonia.com/bbmb5e/bb-gut-health?a=zoniablog&b=08790e0d&chan=bb_gut_health_tom_o_brian_1
BB-Tom OBrian-Gut Health-1-425x700,https://zonia.com/bbmb5e/bb-gut-health?a=zoniablog&b=08790e0d&chan=bb_gut_health_tom_o_brian_1
RS-1-425x300px,https://zonia.com/restore-sleep-special?a=zoniablog&b=12dbbb88&chan=rs_1
RS-1-425x425px,https://zonia.com/restore-sleep-special?a=zoniablog&b=12dbbb88&chan=rs_1
RS-1-425x700px,https://zonia.com/restore-sleep-special?a=zoniablog&b=12dbbb88&chan=rs_1
RS-2-425x300px,https://zonia.com/restore-sleep-special?a=zoniablog&b=12dbbb88&chan=rs_2
RS-2-425x425px,https://zonia.com/restore-sleep-special?a=zoniablog&b=12dbbb88&chan=rs_2
RS-2-425x700px,https://zonia.com/restore-sleep-special?a=zoniablog&b=12dbbb88&chan=rs_2
RS-3-425x300px,https://zonia.com/restore-sleep-special?a=zoniablog&b=12dbbb88&chan=rs_3
RS-3-425x425px,https://zonia.com/restore-sleep-special?a=zoniablog&b=12dbbb88&chan=rs_3
RS-3-425x700px,https://zonia.com/restore-sleep-special?a=zoniablog&b=12dbbb88&chan=rs_3
RS-4-425x300px,https://zonia.com/restore-sleep-special?a=zoniablog&b=12dbbb88&chan=rs_4
RS-4-425x425px,https://zonia.com/restore-sleep-special?a=zoniablog&b=12dbbb88&chan=rs_4
RS-4-425x700px,https://zonia.com/restore-sleep-special?a=zoniablog&b=12dbbb88&chan=rs_4
RS-5-425x300px,https://zonia.com/restore-sleep-special?a=zoniablog&b=12dbbb88&chan=rs_5
RS-5-425x425px,https://zonia.com/restore-sleep-special?a=zoniablog&b=12dbbb88&chan=rs_5
RS-5-425x700px,https://zonia.com/restore-sleep-special?a=zoniablog&b=12dbbb88&chan=rs_5
RS-6-425x300px,https://zonia.com/restore-sleep-special?a=zoniablog&b=12dbbb88&chan=rs_6
RS-6-425x425px,https://zonia.com/restore-sleep-special?a=zoniablog&b=12dbbb88&chan=rs_6
RS-6-425x700px,https://zonia.com/restore-sleep-special?a=zoniablog&b=12dbbb88&chan=rs_6
RS-7-425x300px,https://zonia.com/restore-sleep-special?a=zoniablog&b=12dbbb88&chan=rs_7
RS-7-425x425px,https://zonia.com/restore-sleep-special?a=zoniablog&b=12dbbb88&chan=rs_7
RS-7-425x700px,https://zonia.com/restore-sleep-special?a=zoniablog&b=12dbbb88&chan=rs_7
RS-8-425x300px,https://zonia.com/restore-sleep-special?a=zoniablog&b=12dbbb88&chan=rs_8
RS-8-425x425px,https://zonia.com/restore-sleep-special?a=zoniablog&b=12dbbb88&chan=rs_8
RS-8-425x700px,https://zonia.com/restore-sleep-special?a=zoniablog&b=12dbbb88&chan=rs_8
RS-9-425x300px,https://zonia.com/restore-sleep-special?a=zoniablog&b=12dbbb88&chan=rs_9
RS-9-425x425px,https://zonia.com/restore-sleep-special?a=zoniablog&b=12dbbb88&chan=rs_9
RS-9-425x700px,https://zonia.com/restore-sleep-special?a=zoniablog&b=12dbbb88&chan=rs_9
RS-10-425x300px,https://zonia.com/restore-sleep-special?a=zoniablog&b=12dbbb88&chan=rs_10
RS-10-425x425px,https://zonia.com/restore-sleep-special?a=zoniablog&b=12dbbb88&chan=rs_10
RS-10-425x700px,https://zonia.com/restore-sleep-special?a=zoniablog&b=12dbbb88&chan=rs_10
Zonia-Banner-1-425x300px,https://zonia.com/
Zonia-Banner-1-425x425px,https://zonia.com/
Zonia-Banner-1-425x700px,https://zonia.com/
4-Season-Banner-425x300px,https://zonia.com/lfs-watch-jv
4-Season-Banner-425x425px,https://zonia.com/lfs-watch-jv
4-Season-Banner-425x700px,https://zonia.com/lfs-watch-jv
Dr.-Ron-425x300px,https://zonia.com/masterclass-jv
Dr.-Ron-425x425px,https://zonia.com/masterclass-jv
Dr.-Ron-425x700px,https://zonia.com/masterclass-jv
Blog Banner-RD-1-425x300px,https://zonia.com/restore-detox-special?a=zoniablog&b=fdd80828&chan=rd_1
Blog Banner-RD-1-425x425px,https://zonia.com/restore-detox-special?a=zoniablog&b=fdd80828&chan=rd_1
Blog Banner-RD-1-425x700px,https://zonia.com/restore-detox-special?a=zoniablog&b=fdd80828&chan=rd_1
Blog Banner-RD-2-425x300px,https://zonia.com/restore-detox-special?a=zoniablog&b=fdd80828&chan=rd_2
Blog Banner-RD-2-425x425px,https://zonia.com/restore-detox-special?a=zoniablog&b=fdd80828&chan=rd_2
Blog Banner-RD-2-425x700px,https://zonia.com/restore-detox-special?a=zoniablog&b=fdd80828&chan=rd_2
Blog Banner-RD-3-425x300px,https://zonia.com/restore-detox-special?a=zoniablog&b=fdd80828&chan=rd_3
Blog Banner-RD-3-425x425px,https://zonia.com/restore-detox-special?a=zoniablog&b=fdd80828&chan=rd_3
Blog Banner-RD-3-425x700px,https://zonia.com/restore-detox-special?a=zoniablog&b=fdd80828&chan=rd_3
Blog Banner-RD-4-425x300px,https://zonia.com/restore-detox-special?a=zoniablog&b=fdd80828&chan=rd_4
Blog Banner-RD-4-425x425px,https://zonia.com/restore-detox-special?a=zoniablog&b=fdd80828&chan=rd_4
Blog Banner-RD-4-425x700px,https://zonia.com/restore-detox-special?a=zoniablog&b=fdd80828&chan=rd_4
Blog Banner-RD-5-425x300px,https://zonia.com/restore-detox-special?a=zoniablog&b=fdd80828&chan=rd_5
Blog Banner-RD-5-425x425px,https://zonia.com/restore-detox-special?a=zoniablog&b=fdd80828&chan=rd_5
Blog Banner-RD-5-425x700px,https://zonia.com/restore-detox-special?a=zoniablog&b=fdd80828&chan=rd_5
RG-1-425x300px,https://zonia.com/restore-gut-special?a=zoniablog&b=3c0e2dbb&chan=rg_1
RG-1-425x425px,https://zonia.com/restore-gut-special?a=zoniablog&b=3c0e2dbb&chan=rg_1
RG-1-425x700px,https://zonia.com/restore-gut-special?a=zoniablog&b=3c0e2dbb&chan=rg_1
RG-2-425x300px,https://zonia.com/restore-gut-special?a=zoniablog&b=3c0e2dbb&chan=rg_2
RG-2-425x425px,https://zonia.com/restore-gut-special?a=zoniablog&b=3c0e2dbb&chan=rg_2
RG-2-425x700px,https://zonia.com/restore-gut-special?a=zoniablog&b=3c0e2dbb&chan=rg_2
RG-3-425x300px,https://zonia.com/restore-gut-special?a=zoniablog&b=3c0e2dbb&chan=rg_3
RG-3-425x425px,https://zonia.com/restore-gut-special?a=zoniablog&b=3c0e2dbb&chan=rg_3
RG-3-425x700px,https://zonia.com/restore-gut-special?a=zoniablog&b=3c0e2dbb&chan=rg_3
RG-4-425x300px,https://zonia.com/restore-gut-special?a=zoniablog&b=3c0e2dbb&chan=rg_4
RG-4-425x425px,https://zonia.com/restore-gut-special?a=zoniablog&b=3c0e2dbb&chan=rg_4
RG-4-425x700px,https://zonia.com/restore-gut-special?a=zoniablog&b=3c0e2dbb&chan=rg_4
RG-5-425x300px,https://zonia.com/restore-gut-special?a=zoniablog&b=3c0e2dbb&chan=rg_5
RG-5-425x425px,https://zonia.com/restore-gut-special?a=zoniablog&b=3c0e2dbb&chan=rg_5
RG-5-425x700px,https://zonia.com/restore-gut-special?a=zoniablog&b=3c0e2dbb&chan=rg_5
Blog Banner-RV-1-425x300px-Optimized,https://zonia.com/restore-vision-special?a=zoniablog&b=5929c95e&chan=rv_1
Blog Banner-RV-1-425x425px-Optimized,https://zonia.com/restore-vision-special?a=zoniablog&b=5929c95e&chan=rv_1
Blog Banner-RV-1-425x700px-Optimized,https://zonia.com/restore-vision-special?a=zoniablog&b=5929c95e&chan=rv_1
Blog Banner-RV-2-425x300px-Optimized,https://zonia.com/restore-vision-special?a=zoniablog&b=5929c95e&chan=rv_2
Blog Banner-RV-2-425x425px-Optimized,https://zonia.com/restore-vision-special?a=zoniablog&b=5929c95e&chan=rv_2
Blog Banner-RV-2-425x700px-Optimized,https://zonia.com/restore-vision-special?a=zoniablog&b=5929c95e&chan=rv_2
Blog Banner-RV-3-425x300px-Optimized,https://zonia.com/restore-vision-special?a=zoniablog&b=5929c95e&chan=rv_3
Blog Banner-RV-3-425x425px-Optimized,https://zonia.com/restore-vision-special?a=zoniablog&b=5929c95e&chan=rv_3
Blog Banner-RV-3-425x700px-Optimized,https://zonia.com/restore-vision-special?a=zoniablog&b=5929c95e&chan=rv_3
Blog Banner-RV-4-425x300px-Optimized,https://zonia.com/restore-vision-special?a=zoniablog&b=5929c95e&chan=rv_4
Blog Banner-RV-4-425x425px-Optimized,https://zonia.com/restore-vision-special?a=zoniablog&b=5929c95e&chan=rv_4
Blog Banner-RV-4-425x700px-Optimized,https://zonia.com/restore-vision-special?a=zoniablog&b=5929c95e&chan=rv_4
Blog Banner-RV-5-425x425px-Optimized,https://zonia.com/restore-vision-special?a=zoniablog&b=5929c95e&chan=rv_5
Blog Banner-Rv-5-425x300px-Optimized,https://zonia.com/restore-vision-special?a=zoniablog&b=5929c95e&chan=rv_5
Blog Banner-Rv-5-425x700px-Optimized,https://zonia.com/restore-vision-special?a=zoniablog&b=5929c95e&chan=rv_5
CR-Blog Banner-Dr Geovanni Espinosa-Main-1-425x300px425x300px,https://zonia.com/crmb5e/cancer-unraveled?a=zoniablog&b=4c52277d&chan=cr_main_geo_espinosa
CR-Blog Banner-Dr Geovanni Espinosa-Main-1-425x425px,https://zonia.com/crmb5e/cancer-unraveled?a=zoniablog&b=4c52277d&chan=cr_main_geo_espinosa
CR-Blog Banner-Dr Geovanni Espinosa-Main-1-425x700px,https://zonia.com/crmb5e/cancer-unraveled?a=zoniablog&b=4c52277d&chan=cr_main_geo_espinosa
"CR-Blog Banner-Dr. Aimie Apigian-Trauma, Emotions and Cancer-1-425x300px",https://zonia.com/crmb5e/cr-emotions?a=zoniablog&b=0736a606&chan=cr_emotions_aimie_apigian
"CR-Blog Banner-Dr. Aimie Apigian-Trauma, Emotions and Cancer-1-425x425px",https://zonia.com/crmb5e/cr-emotions?a=zoniablog&b=0736a606&chan=cr_emotions_aimie_apigian
"CR-Blog Banner-Dr. Aimie Apigian-Trauma, Emotions and Cancer-1-425x700px",https://zonia.com/crmb5e/cr-emotions?a=zoniablog&b=0736a606&chan=cr_emotions_aimie_apigian
"CR-Dr. Carol Lourie-Aging, Inflammation and Cancer-1-425x300px",https://zonia.com/crmb5e/cr-inflammation?a=zoniablog&b=5283ef2f&chan=cr_inflammation_carol_lourie
"CR-Dr. Carol Lourie-Aging, Inflammation and Cancer-1-425x425px",https://zonia.com/crmb5e/cr-inflammation?a=zoniablog&b=5283ef2f&chan=cr_inflammation_carol_lourie
"CR-Dr. Carol Lourie-Aging, Inflammation and Cancer-1-425x700px",https://zonia.com/crmb5e/cr-inflammation?a=zoniablog&b=5283ef2f&chan=cr_inflammation_carol_lourie
CR-Dr. Jennifer Simmons-Breast cancer-1-425x300px425x300px,https://zonia.com/crmb5e/cr-female-cancers?a=zoniablog&b=20956729&chan=cr_female_jennifer_simmons
CR-Dr. Jennifer Simmons-Breast cancer-1-425x425px,https://zonia.com/crmb5e/cr-female-cancers?a=zoniablog&b=20956729&chan=cr_female_jennifer_simmons
CR-Dr. Jennifer Simmons-Breast cancer-1-425x700px,https://zonia.com/crmb5e/cr-female-cancers?a=zoniablog&b=20956729&chan=cr_female_jennifer_simmons
"CR-Dr. Mark Hyman-Obesity, Diabetes and cancer-1-425x300px",https://zonia.com/crmb5e/cr-obesity?a=zoniablog&b=4e1a5a03&chan=cr_obesity_mark_hyman
"CR-Dr. Mark Hyman-Obesity, Diabetes and cancer-1-425x425px",https://zonia.com/crmb5e/cr-obesity?a=zoniablog&b=4e1a5a03&chan=cr_obesity_mark_hyman
"CR-Dr. Mark Hyman-Obesity, Diabetes and cancer-1-425x700px",https://zonia.com/crmb5e/cr-obesity?a=zoniablog&b=4e1a5a03&chan=cr_obesity_mark_hyman
CR-Dr. Robert A. Nagourney-Main-1-425x300px,https://zonia.com/crmb5e/cancer-unraveled?a=zoniablog&b=4c52277d&chan=cr_main_robert_nagourney
CR-Dr. Robert A. Nagourney-Main-1-425x425px,https://zonia.com/crmb5e/cancer-unraveled?a=zoniablog&b=4c52277d&chan=cr_main_robert_nagourney
CR-Dr. Robert A. Nagourney-Main-1-425x700px,https://zonia.com/crmb5e/cancer-unraveled?a=zoniablog&b=4c52277d&chan=cr_main_robert_nagourney
Blog Banner-RC-1-425x300px,https://zonia.com/restore-collagen-special?a=zoniablog&b=5cafba6b&chan=rc_1
Blog Banner-RC-1-425x425px,https://zonia.com/restore-collagen-special?a=zoniablog&b=5cafba6b&chan=rc_1
Blog Banner-RC-1-425x700px,https://zonia.com/restore-collagen-special?a=zoniablog&b=5cafba6b&chan=rc_1
Blog Banner-RC-2-425x300px,https://zonia.com/restore-collagen-special?a=zoniablog&b=5cafba6b&chan=rc_2
Blog Banner-RC-2-425x425px,https://zonia.com/restore-collagen-special?a=zoniablog&b=5cafba6b&chan=rc_2
Blog Banner-RC-2-425x700px,https://zonia.com/restore-collagen-special?a=zoniablog&b=5cafba6b&chan=rc_2
Blog Banner-RC-3-425x300px,https://zonia.com/restore-collagen-special?a=zoniablog&b=5cafba6b&chan=rc_3
Blog Banner-RC-3-425x425px,https://zonia.com/restore-collagen-special?a=zoniablog&b=5cafba6b&chan=rc_3
Blog Banner-RC-3-425x700px,https://zonia.com/restore-collagen-special?a=zoniablog&b=5cafba6b&chan=rc_3
Blog Banner-RC-4-425x300px,https://zonia.com/restore-collagen-special?a=zoniablog&b=5cafba6b&chan=rc_4
Blog Banner-RC-4-425x425px,https://zonia.com/restore-collagen-special?a=zoniablog&b=5cafba6b&chan=rc_4
Blog Banner-RC-4-425x700px,https://zonia.com/restore-collagen-special?a=zoniablog&b=5cafba6b&chan=rc_4
Blog Banner-RC-5-425x300px,https://zonia.com/restore-collagen-special?a=zoniablog&b=5cafba6b&chan=rc_5
Blog Banner-RC-5-425x425px,https://zonia.com/restore-collagen-special?a=zoniablog&b=5cafba6b&chan=rc_5
Blog Banner-RC-5-425x700px,https://zonia.com/restore-collagen-special?a=zoniablog&b=5cafba6b&chan=rc_5
Blog Banner-RC-6-425x300px,https://zonia.com/restore-collagen-special?a=zoniablog&b=5cafba6b&chan=rc_6
Blog Banner-RC-6-425x425px,https://zonia.com/restore-collagen-special?a=zoniablog&b=5cafba6b&chan=rc_6
Blog Banner-RC-6-425x700px,https://zonia.com/restore-collagen-special?a=zoniablog&b=5cafba6b&chan=rc_6
