https://zonia-stg.com/crmb1e/cr-signup,standard
https://zonia-stg.com/crmb1e/cr-signup-2,standard
https://zonia-stg.com/crmb1e/cr-signup-bonuses,standard
https://zonia-stg.com/crmb1e/cr-signup-bonuses-2,standard
https://zonia-stg.com/crmb5e/cr-signup,standard
https://zonia-stg.com/crmb5e/cr-signup-2,standard
https://zonia-stg.com/crmb5e/cr-signup-bonuses,standard
https://zonia-stg.com/crmb5e/cr-signup-bonuses-2,standard
https://zonia-stg.com/cr-signup,standard
https://zonia-stg.com/cr-signup-2,standard
https://zonia-stg.com/cr-signup-bonuses,standard
https://zonia-stg.com/cr-signup-bonuses-2,standard
https://zonia-stg.com/twl-signup,standard
https://zonia-stg.com/twl-signup-2,standard
https://zonia-stg.com/twl-signup-bonuses,standard
https://zonia-stg.com/twl-signup-bonuses-2,standard
https://zonia-stg.com/kmmb5e/km-signup,standard
https://zonia-stg.com/kmmb5e/km-signup-2,standard
https://zonia-stg.com/kmmb5e/km-signup-bonuses,standard
https://zonia-stg.com/kmmb5e/km-signup-bonuses-2,standard
https://zonia-stg.com/km-signup,standard
https://zonia-stg.com/km-signup-2,standard
https://zonia-stg.com/km-signup-bonuses,standard
https://zonia-stg.com/km-signup-bonuses-2,standard
https://zonia-stg.com/admb5e/ad-signup,standard
https://zonia-stg.com/admb5e/ad-signup-2,standard
https://zonia-stg.com/admb5e/ad-signup-bonuses,standard
https://zonia-stg.com/admb5e/ad-signup-bonuses-2,standard
https://zonia-stg.com/ad-signup,standard
https://zonia-stg.com/ad-signup-2,standard
https://zonia-stg.com/ad-signup-bonuses,standard
https://zonia-stg.com/ad-signup-bonuses-2,standard
https://zonia-stg.com/bbmb5e/bb-signup,standard
https://zonia-stg.com/bbmb5e/bb-signup-2,standard
https://zonia-stg.com/bbmb5e/bb-signup-bonuses,standard
https://zonia-stg.com/bbmb5e/bb-signup-bonuses-2,standard
https://zonia-stg.com/bb-signup,standard
https://zonia-stg.com/bb-signup-2,standard
https://zonia-stg.com/bb-signup-bonuses,standard
https://zonia-stg.com/bb-signup-bonuses-2,standard
https://zonia-stg.com/lgmb5e/lg-signup,standard
https://zonia-stg.com/lgmb5e/lg-signup-2,standard
https://zonia-stg.com/lgmb5e/lg-signup-bonuses,standard
https://zonia-stg.com/lgmb5e/lg-signup-bonuses-2,standard
https://zonia-stg.com/lg-signup,standard
https://zonia-stg.com/lg-signup-2,standard
https://zonia-stg.com/lg-signup-bonuses,standard
https://zonia-stg.com/lg-signup-bonuses-2,standard
https://zonia-stg.com/mb2/tf-signup,standard
https://zonia-stg.com/mb2/tf-signup-2,standard
https://zonia-stg.com/mb2/tf-signup-bonuses,standard
https://zonia-stg.com/mb2/tf-signup-bonuses-2,standard
https://zonia-stg.com/tf-signup,standard
https://zonia-stg.com/tf-signup-2,standard
https://zonia-stg.com/tf-signup-bonuses,standard
https://zonia-stg.com/tf-signup-bonuses-2,standard
https://zonia-stg.com/mb5e/is-signup,standard
https://zonia-stg.com/mb5e/is-signup-2,standard
https://zonia-stg.com/mb5e/is-signup-bonuses,standard
https://zonia-stg.com/mb5e/is-signup-bonuses-2,standard
https://zonia-stg.com/mb/is-signup,standard
https://zonia-stg.com/mb/is-signup-2,standard
https://zonia-stg.com/mb/is-signup-bonuses,standard
https://zonia-stg.com/mb/is-signup-bonuses-2,standard
https://zonia-stg.com/is-signup,standard
https://zonia-stg.com/is-signup-2,standard
https://zonia-stg.com/is-signup-bonuses,standard
https://zonia-stg.com/is-signup-bonuses-2,standard
https://zonia-stg.com/aging-gracefully-signup,one_time
https://zonia-stg.com/aging-gracefully-signup-jv,one_time
https://zonia-stg.com/aging-gracefully-signup-1,one_time
https://zonia-stg.com/aging-gracefully-signup-2,one_time
https://zonia-stg.com/aging-gracefully-signup-fb,one_time
https://zonia-stg.com/oto-trial-restore-life-6-more-bottles-at-19,trial
https://zonia-stg.com/oto-trial-restore-life-6-more-bottles-at-15,trial
https://zonia-stg.com/oto-trial-restore-life-3-more-bottles-at-19,trial
https://zonia-stg.com/oto-trial-restore-life-3-new-bottles-at-19,trial
https://zonia-stg.com/oto-trial,trial
