https://zonia-stg.com/cr-booster-packages-monthly,"By clicking ""Add to My Order"", you authorize a one-time charge. This is a separate charge from your original purchase. By proceeding, you agree to our Terms of Use and Privacy Policy."
https://zonia-stg.com/cr-booster-packages-quarterly,"By clicking ""Add to My Order"", you authorize a one-time charge. This is a separate charge from your original purchase. By proceeding, you agree to our Terms of Use and Privacy Policy."
https://zonia-stg.com/cr-booster-packages-annually,"By clicking ""Add to My Order"", you authorize a one-time charge. This is a separate charge from your original purchase. By proceeding, you agree to our Terms of Use and Privacy Policy."
https://zonia-stg.com/cr-booster-packages-lifetime,"By clicking ""Add to My Order"", you authorize a one-time charge. This is a separate charge from your original purchase. By proceeding, you agree to our Terms of Use and Privacy Policy."
https://zonia-stg.com/cr-mini-masterclass-series-silver-package,"By clicking ""Add to My Order"", you authorize a one-time charge. This is a separate charge from your original purchase. By proceeding, you agree to our Terms of Use and Privacy Policy."
https://zonia-stg.com/cr-mini-masterclass-series-platinum-package,"By clicking ""Add to My Order"", you authorize a one-time charge. This is a separate charge from your original purchase. By proceeding, you agree to our Terms of Use and Privacy Policy."
https://zonia-stg.com/cr-mini-masterclass-series,"By clicking ""Add to My Order"", you authorize a one-time charge. This is a separate charge from your original purchase. By proceeding, you agree to our Terms of Use and Privacy Policy."
https://zonia-stg.com/cr-restore-sleep-special-cancer-proof,"By clicking ""Add to Order"", you authorize a one-time charge. This is a separate charge from your original purchase. By proceeding, you agree to our Terms of Use and Privacy Policy."
https://zonia-stg.com/cr-restore-sleep-special,"By clicking ""Add to Order"", you authorize a one-time charge. This is a separate charge from your original purchase. By proceeding, you agree to our Terms of Use and Privacy Policy."
https://zonia-stg.com/cr-rs-6-more-bottles,"By clicking ""Yes, Upgrade my Order"", you authorize a one-time charge. This is a separate charge from your original purchase. By proceeding, you agree to our Terms of Use and Privacy Policy."
https://zonia-stg.com/cr-rs-6-discounted-bottles,"By clicking ""Yes, Complete my Order"", you authorize a one-time charge. This is a separate charge from your original purchase. By proceeding, you agree to our Terms of Use and Privacy Policy."
https://zonia-stg.com/cr-restore-life-special,"By clicking ""Add to Order"", you authorize a one-time charge. This is a separate charge from your original purchase. By proceeding, you agree to our Terms of Use and Privacy Policy."
https://zonia-stg.com/cr-rl-6-more-bottles,"By clicking ""Yes, Upgrade my Order"", you authorize a one-time charge. This is a separate charge from your original purchase. By proceeding, you agree to our Terms of Use and Privacy Policy."
https://zonia-stg.com/cr-rl-6-discounted-bottles,"By clicking ""Yes, Upgrade my Order"", you authorize a one-time charge. This is a separate charge from your original purchase. By proceeding, you agree to our Terms of Use and Privacy Policy."
https://zonia-stg.com/twl-booster-packages-monthly,"By clicking ""Add to My Order"", you authorize a one-time charge. This is a separate charge from your original purchase. By proceeding, you agree to our Terms of Use and Privacy Policy."
https://zonia-stg.com/twl-booster-packages-quarterly,"By clicking ""Add to My Order"", you authorize a one-time charge. This is a separate charge from your original purchase. By proceeding, you agree to our Terms of Use and Privacy Policy."
https://zonia-stg.com/twl-booster-packages-annually,"By clicking ""Add to My Order"", you authorize a one-time charge. This is a separate charge from your original purchase. By proceeding, you agree to our Terms of Use and Privacy Policy."
https://zonia-stg.com/twl-booster-packages-lifetime,"By clicking ""Add to My Order"", you authorize a one-time charge. This is a separate charge from your original purchase. By proceeding, you agree to our Terms of Use and Privacy Policy."
https://zonia-stg.com/twl-mini-masterclass-series-silver-package,"By clicking ""Add to My Order"", you authorize a one-time charge. This is a separate charge from your original purchase. By proceeding, you agree to our Terms of Use and Privacy Policy."
https://zonia-stg.com/twl-mini-masterclass-series-platinum-package,"By clicking ""Add to My Order"", you authorize a one-time charge. This is a separate charge from your original purchase. By proceeding, you agree to our Terms of Use and Privacy Policy."
https://zonia-stg.com/twl-mini-masterclass-series,"By clicking ""Add to My Order"", you authorize a one-time charge. This is a separate charge from your original purchase. By proceeding, you agree to our Terms of Use and Privacy Policy."
https://zonia-stg.com/twl-restore-sleep-special-resilience-code,"By clicking ""Add to Order"", you authorize a one-time charge. This is a separate charge from your original purchase. By proceeding, you agree to our Terms of Use and Privacy Policy."
https://zonia-stg.com/twl-restore-sleep-special,"By clicking ""Add to Order"", you authorize a one-time charge. This is a separate charge from your original purchase. By proceeding, you agree to our Terms of Use and Privacy Policy."
https://zonia-stg.com/twl-rs-6-more-bottles,"By clicking ""Yes, Upgrade my Order"", you authorize a one-time charge. This is a separate charge from your original purchase. By proceeding, you agree to our Terms of Use and Privacy Policy."
https://zonia-stg.com/twl-rs-6-discounted-bottles,"By clicking ""Yes, Complete my Order"", you authorize a one-time charge. This is a separate charge from your original purchase. By proceeding, you agree to our Terms of Use and Privacy Policy."
https://zonia-stg.com/twl-restore-detox-special,"By clicking ""Add to Order"", you authorize a one-time charge. This is a separate charge from your original purchase. By proceeding, you agree to our Terms of Use and Privacy Policy."
https://zonia-stg.com/twl-rd-6-more-bottles,"By clicking ""Yes, Upgrade my Order"", you authorize a one-time charge. This is a separate charge from your original purchase. By proceeding, you agree to our Terms of Use and Privacy Policy."
https://zonia-stg.com/twl-rd-6-discounted-bottles,"By clicking ""Yes, Upgrade my Order"", you authorize a one-time charge. This is a separate charge from your original purchase. By proceeding, you agree to our Terms of Use and Privacy Policy."
https://zonia-stg.com/km-booster-packages-monthly,"By clicking ""Add to My Order"", you authorize a one-time charge. This is a separate charge from your original purchase. By proceeding, you agree to our Terms of Use and Privacy Policy."
https://zonia-stg.com/km-booster-packages-quarterly,"By clicking ""Add to My Order"", you authorize a one-time charge. This is a separate charge from your original purchase. By proceeding, you agree to our Terms of Use and Privacy Policy."
https://zonia-stg.com/km-booster-packages-annually,"By clicking ""Add to My Order"", you authorize a one-time charge. This is a separate charge from your original purchase. By proceeding, you agree to our Terms of Use and Privacy Policy."
https://zonia-stg.com/km-booster-packages-lifetime,"By clicking ""Add to My Order"", you authorize a one-time charge. This is a separate charge from your original purchase. By proceeding, you agree to our Terms of Use and Privacy Policy."
https://zonia-stg.com/km-mini-masterclass-series-silver-package,"By clicking ""Add to My Order"", you authorize a one-time charge. This is a separate charge from your original purchase. By proceeding, you agree to our Terms of Use and Privacy Policy."
https://zonia-stg.com/km-mini-masterclass-series-platinum-package,"By clicking ""Add to My Order"", you authorize a one-time charge. This is a separate charge from your original purchase. By proceeding, you agree to our Terms of Use and Privacy Policy."
https://zonia-stg.com/km-mini-masterclass-series,"By clicking ""Add to My Order"", you authorize a one-time charge. This is a separate charge from your original purchase. By proceeding, you agree to our Terms of Use and Privacy Policy."
https://zonia-stg.com/km-restore-sleep-special-resilience-code,"By clicking ""Add to Order"", you authorize a one-time charge. This is a separate charge from your original purchase. By proceeding, you agree to our Terms of Use and Privacy Policy."
https://zonia-stg.com/km-restore-sleep-special,"By clicking ""Add to Order"", you authorize a one-time charge. This is a separate charge from your original purchase. By proceeding, you agree to our Terms of Use and Privacy Policy."
https://zonia-stg.com/km-rs-6-more-bottles,"By clicking ""Yes, Upgrade my Order"", you authorize a one-time charge. This is a separate charge from your original purchase. By proceeding, you agree to our Terms of Use and Privacy Policy."
https://zonia-stg.com/km-rs-6-discounted-bottles,"By clicking ""Yes, Complete my Order"", you authorize a one-time charge. This is a separate charge from your original purchase. By proceeding, you agree to our Terms of Use and Privacy Policy."
https://zonia-stg.com/km-restore-detox-special,"By clicking ""Add to Order"", you authorize a one-time charge. This is a separate charge from your original purchase. By proceeding, you agree to our Terms of Use and Privacy Policy."
https://zonia-stg.com/km-rd-6-more-bottles,"By clicking ""Yes, Upgrade my Order"", you authorize a one-time charge. This is a separate charge from your original purchase. By proceeding, you agree to our Terms of Use and Privacy Policy."
https://zonia-stg.com/km-rd-6-discounted-bottles,"By clicking ""Yes, Upgrade my Order"", you authorize a one-time charge. This is a separate charge from your original purchase. By proceeding, you agree to our Terms of Use and Privacy Policy."
https://zonia-stg.com/ad-booster-packages-monthly,"By clicking ""Add to My Order"", you authorize a one-time charge. This is a separate charge from your original purchase. By proceeding, you agree to our Terms of Use and Privacy Policy."
https://zonia-stg.com/ad-booster-packages-quarterly,"By clicking ""Add to My Order"", you authorize a one-time charge. This is a separate charge from your original purchase. By proceeding, you agree to our Terms of Use and Privacy Policy."
https://zonia-stg.com/ad-booster-packages-annually,"By clicking ""Add to My Order"", you authorize a one-time charge. This is a separate charge from your original purchase. By proceeding, you agree to our Terms of Use and Privacy Policy."
https://zonia-stg.com/ad-mini-masterclass-series-silver-package,"By clicking ""Add to My Order"", you authorize a one-time charge. This is a separate charge from your original purchase. By proceeding, you agree to our Terms of Use and Privacy Policy."
https://zonia-stg.com/ad-mini-masterclass-series-platinum-package,"By clicking ""Add to My Order"", you authorize a one-time charge. This is a separate charge from your original purchase. By proceeding, you agree to our Terms of Use and Privacy Policy."
https://zonia-stg.com/ad-mini-masterclass-series,"By clicking ""Add to My Order"", you authorize a one-time charge. This is a separate charge from your original purchase. By proceeding, you agree to our Terms of Use and Privacy Policy."
https://zonia-stg.com/ad-restore-detox-special-immunity-code,"By clicking ""Add to Order"", you authorize a one-time charge. This is a separate charge from your original purchase. By proceeding, you agree to our Terms of Use and Privacy Policy."
https://zonia-stg.com/ad-restore-detox-special,"By clicking ""Add to Order"", you authorize a one-time charge. This is a separate charge from your original purchase. By proceeding, you agree to our Terms of Use and Privacy Policy."
https://zonia-stg.com/ad-rd-6-more-bottles,"By clicking ""Yes, Upgrade my Order"", you authorize a one-time charge. This is a separate charge from your original purchase. By proceeding, you agree to our Terms of Use and Privacy Policy."
https://zonia-stg.com/ad-rd-6-discounted-bottles,"By clicking ""Yes, Upgrade my Order"", you authorize a one-time charge. This is a separate charge from your original purchase. By proceeding, you agree to our Terms of Use and Privacy Policy."
https://zonia-stg.com/ad-restore-life-special,"By clicking ""Add to Order"", you authorize a one-time charge. This is a separate charge from your original purchase. By proceeding, you agree to our Terms of Use and Privacy Policy."
https://zonia-stg.com/ad-rl-6-more-bottles,"By clicking ""Yes, Upgrade my Order"", you authorize a one-time charge. This is a separate charge from your original purchase. By proceeding, you agree to our Terms of Use and Privacy Policy."
https://zonia-stg.com/ad-rl-6-discounted-bottles,"By clicking ""Yes, Upgrade my Order"", you authorize a one-time charge. This is a separate charge from your original purchase. By proceeding, you agree to our Terms of Use and Privacy Policy."
https://zonia-stg.com/bb-booster-packages-monthly,"By clicking ""Add to My Order"", you authorize a one-time charge. This is a separate charge from your original purchase. By proceeding, you agree to our Terms of Use and Privacy Policy."
https://zonia-stg.com/bb-booster-packages-quarterly,"By clicking ""Add to My Order"", you authorize a one-time charge. This is a separate charge from your original purchase. By proceeding, you agree to our Terms of Use and Privacy Policy."
https://zonia-stg.com/bb-booster-packages-annually,"By clicking ""Add to My Order"", you authorize a one-time charge. This is a separate charge from your original purchase. By proceeding, you agree to our Terms of Use and Privacy Policy."
https://zonia-stg.com/bb-mini-masterclass-series-silver-package,"By clicking ""Add to My Order"", you authorize a one-time charge. This is a separate charge from your original purchase. By proceeding, you agree to our Terms of Use and Privacy Policy."
https://zonia-stg.com/bb-mini-masterclass-series-platinum-package,"By clicking ""Add to My Order"", you authorize a one-time charge. This is a separate charge from your original purchase. By proceeding, you agree to our Terms of Use and Privacy Policy."
https://zonia-stg.com/bb-mini-masterclass-series,"By clicking ""Add to My Order"", you authorize a one-time charge. This is a separate charge from your original purchase. By proceeding, you agree to our Terms of Use and Privacy Policy."
https://zonia-stg.com/bb-restore-detox-special-gut-brain-reset,"By clicking ""Add to Order"", you authorize a one-time charge. This is a separate charge from your original purchase. By proceeding, you agree to our Terms of Use and Privacy Policy."
https://zonia-stg.com/bb-restore-detox-special,"By clicking ""Add to Order"", you authorize a one-time charge. This is a separate charge from your original purchase. By proceeding, you agree to our Terms of Use and Privacy Policy."
https://zonia-stg.com/bb-rd-6-more-bottles,"By clicking ""Yes, Upgrade my Order"", you authorize a one-time charge. This is a separate charge from your original purchase. By proceeding, you agree to our Terms of Use and Privacy Policy."
https://zonia-stg.com/bb-rd-6-discounted-bottles,"By clicking ""Yes, Upgrade my Order"", you authorize a one-time charge. This is a separate charge from your original purchase. By proceeding, you agree to our Terms of Use and Privacy Policy."
https://zonia-stg.com/bb-restore-life-special,"By clicking ""Add to Order"", you authorize a one-time charge. This is a separate charge from your original purchase. By proceeding, you agree to our Terms of Use and Privacy Policy."
https://zonia-stg.com/bb-rl-6-more-bottles,"By clicking ""Yes, Upgrade my Order"", you authorize a one-time charge. This is a separate charge from your original purchase. By proceeding, you agree to our Terms of Use and Privacy Policy."
https://zonia-stg.com/bb-rl-6-discounted-bottles,"By clicking ""Yes, Upgrade my Order"", you authorize a one-time charge. This is a separate charge from your original purchase. By proceeding, you agree to our Terms of Use and Privacy Policy."
https://zonia-stg.com/lg-booster-packages-monthly,"By clicking ""Add to My Order"", you authorize a one-time charge. This is a separate charge from your original purchase. By proceeding, you agree to our Terms of Use and Privacy Policy."
https://zonia-stg.com/lg-booster-packages-quarterly,"By clicking ""Add to My Order"", you authorize a one-time charge. This is a separate charge from your original purchase. By proceeding, you agree to our Terms of Use and Privacy Policy."
https://zonia-stg.com/lg-booster-packages-annually,"By clicking ""Add to My Order"", you authorize a one-time charge. This is a separate charge from your original purchase. By proceeding, you agree to our Terms of Use and Privacy Policy."
https://zonia-stg.com/lg-mini-masterclass-series-silver-package,"By clicking ""Add to My Order"", you authorize a one-time charge. This is a separate charge from your original purchase. By proceeding, you agree to our Terms of Use and Privacy Policy."
https://zonia-stg.com/lg-mini-masterclass-series-platinum-package,"By clicking ""Add to My Order"", you authorize a one-time charge. This is a separate charge from your original purchase. By proceeding, you agree to our Terms of Use and Privacy Policy."
https://zonia-stg.com/lg-mini-masterclass-series,"By clicking ""Add to My Order"", you authorize a one-time charge. This is a separate charge from your original purchase. By proceeding, you agree to our Terms of Use and Privacy Policy."
https://zonia-stg.com/lg-restore-life-special-longevity-code,"By clicking ""Add to Order"", you authorize a one-time charge. This is a separate charge from your original purchase. By proceeding, you agree to our Terms of Use and Privacy Policy."
https://zonia-stg.com/lg-restore-life-special,"By clicking ""Add to Order"", you authorize a one-time charge. This is a separate charge from your original purchase. By proceeding, you agree to our Terms of Use and Privacy Policy."
https://zonia-stg.com/lg-rl-6-more-bottles,"By clicking ""Yes, Upgrade my Order"", you authorize a one-time charge. This is a separate charge from your original purchase. By proceeding, you agree to our Terms of Use and Privacy Policy."
https://zonia-stg.com/lg-rl-6-discounted-bottles,"By clicking ""Yes, Upgrade my Order"", you authorize a one-time charge. This is a separate charge from your original purchase. By proceeding, you agree to our Terms of Use and Privacy Policy."
https://zonia-stg.com/lg-restore-detox-special,"By clicking ""Add to Order"", you authorize a one-time charge. This is a separate charge from your original purchase. By proceeding, you agree to our Terms of Use and Privacy Policy."
https://zonia-stg.com/lg-rd-6-more-bottles,"By clicking ""Yes, Upgrade my Order"", you authorize a one-time charge. This is a separate charge from your original purchase. By proceeding, you agree to our Terms of Use and Privacy Policy."
https://zonia-stg.com/lg-rd-6-discounted-bottles,"By clicking ""Yes, Upgrade my Order"", you authorize a one-time charge. This is a separate charge from your original purchase. By proceeding, you agree to our Terms of Use and Privacy Policy."
https://zonia-stg.com/tf-booster-packages-monthly,"By clicking ""Add to My Order"", you authorize a one-time charge. This is a separate charge from your original purchase. By proceeding, you agree to our Terms of Use and Privacy Policy."
https://zonia-stg.com/tf-booster-packages-quarterly,"By clicking ""Add to My Order"", you authorize a one-time charge. This is a separate charge from your original purchase. By proceeding, you agree to our Terms of Use and Privacy Policy."
https://zonia-stg.com/tf-booster-packages-annually,"By clicking ""Add to My Order"", you authorize a one-time charge. This is a separate charge from your original purchase. By proceeding, you agree to our Terms of Use and Privacy Policy."
https://zonia-stg.com/tf-mini-masterclass-series,"By clicking ""Add to My Order"", you authorize a one-time charge. This is a separate charge from your original purchase. By proceeding, you agree to our Terms of Use and Privacy Policy."
https://zonia-stg.com/tf-restore-detox-special,"By clicking ""Add to Order"", you authorize a one-time charge. This is a separate charge from your original purchase. By proceeding, you agree to our Terms of Use and Privacy Policy."
https://zonia-stg.com/tf-rd-6-more-bottles,"By clicking ""Yes, Upgrade my Order"", you authorize a one-time charge. This is a separate charge from your original purchase. By proceeding, you agree to our Terms of Use and Privacy Policy."
https://zonia-stg.com/tf-rd-6-discounted-bottles,"By clicking ""Yes, Upgrade my Order"", you authorize a one-time charge. This is a separate charge from your original purchase. By proceeding, you agree to our Terms of Use and Privacy Policy."
https://zonia-stg.com/tf-restore-life-special,"By clicking ""Add to Order"", you authorize a one-time charge. This is a separate charge from your original purchase. By proceeding, you agree to our Terms of Use and Privacy Policy."
https://zonia-stg.com/tf-rl-6-more-bottles,"By clicking ""Yes, Upgrade my Order"", you authorize a one-time charge. This is a separate charge from your original purchase. By proceeding, you agree to our Terms of Use and Privacy Policy."
https://zonia-stg.com/tf-rl-6-discounted-bottles,"By clicking ""Yes, Upgrade my Order"", you authorize a one-time charge. This is a separate charge from your original purchase. By proceeding, you agree to our Terms of Use and Privacy Policy."
https://zonia-stg.com/is-booster-packages-monthly,"By clicking ""Add to My Order"", you authorize a one-time charge. This is a separate charge from your original purchase. By proceeding, you agree to our Terms of Use and Privacy Policy."
https://zonia-stg.com/is-booster-packages-quarterly,"By clicking ""Add to My Order"", you authorize a one-time charge. This is a separate charge from your original purchase. By proceeding, you agree to our Terms of Use and Privacy Policy."
https://zonia-stg.com/is-booster-packages-annually,"By clicking ""Add to My Order"", you authorize a one-time charge. This is a separate charge from your original purchase. By proceeding, you agree to our Terms of Use and Privacy Policy."
https://zonia-stg.com/is-mini-masterclass-series-silver-package,"By clicking ""Add to My Order"", you authorize a one-time charge. This is a separate charge from your original purchase. By proceeding, you agree to our Terms of Use and Privacy Policy."
https://zonia-stg.com/is-mini-masterclass-series-platinum-package,"By clicking ""Add to My Order"", you authorize a one-time charge. This is a separate charge from your original purchase. By proceeding, you agree to our Terms of Use and Privacy Policy."
https://zonia-stg.com/is-mini-masterclass-series,"By clicking ""Add to My Order"", you authorize a one-time charge. This is a separate charge from your original purchase. By proceeding, you agree to our Terms of Use and Privacy Policy."
https://zonia-stg.com/is-restore-life-special,"By clicking ""Add to Order"", you authorize a one-time charge. This is a separate charge from your original purchase. By proceeding, you agree to our Terms of Use and Privacy Policy."
https://zonia-stg.com/is-rl-6-more-bottles,"By clicking ""Yes, Upgrade my Order"", you authorize a one-time charge. This is a separate charge from your original purchase. By proceeding, you agree to our Terms of Use and Privacy Policy."
https://zonia-stg.com/is-rl-6-discounted-bottles,"By clicking ""Yes, Upgrade my Order"", you authorize a one-time charge. This is a separate charge from your original purchase. By proceeding, you agree to our Terms of Use and Privacy Policy."
https://zonia-stg.com/is-restore-detox-special,"By clicking ""Add to Order"", you authorize a one-time charge. This is a separate charge from your original purchase. By proceeding, you agree to our Terms of Use and Privacy Policy."
https://zonia-stg.com/is-rd-6-more-bottles,"By clicking ""Yes, Upgrade my Order"", you authorize a one-time charge. This is a separate charge from your original purchase. By proceeding, you agree to our Terms of Use and Privacy Policy."
https://zonia-stg.com/is-rd-6-discounted-bottles,"By clicking ""Yes, Complete my Order"", you authorize a one-time charge. This is a separate charge from your original purchase. By proceeding, you agree to our Terms of Use and Privacy Policy."
https://zonia-stg.com/restore-life-oto-1-bottle,"By clicking ""Yes, Upgrade my Order"", you authorize a one-time charge. This is a separate charge from your original purchase. By proceeding, you agree to our Terms of Use and Privacy Policy."
https://zonia-stg.com/restore-life-oto-3-bottle,"By clicking ""Yes, Upgrade my Order"", you authorize a one-time charge. This is a separate charge from your original purchase. By proceeding, you agree to our Terms of Use and Privacy Policy."
https://zonia-stg.com/restore-life-oto-6-bottle,"By clicking ""Yes, Upgrade my Order"", you authorize a one-time charge. This is a separate charge from your original purchase. By proceeding, you agree to our Terms of Use and Privacy Policy."
https://zonia-stg.com/fs-rd-6-discounted-bottles,"By clicking ""Yes, Upgrade my Order"", you authorize a one-time charge. This is a separate charge from your original purchase. By proceeding, you agree to our Terms of Use and Privacy Policy."
https://zonia-stg.com/rc-restore-sleep-6-discounted-bottles,"By clicking ""Yes, Upgrade my Order"", you authorize a one-time charge. This is a separate charge from your original purchase. By proceeding, you agree to our Terms of Use and Privacy Policy."
https://zonia-stg.com/rc-restore-life-6-discounted-bottles,"By clicking ""Yes, Upgrade my Order"", you authorize a one-time charge. This is a separate charge from your original purchase. By proceeding, you agree to our Terms of Use and Privacy Policy."
https://zonia-stg.com/rc-restore-sleep-6-discounted-bottles-2,"By clicking ""Yes, Upgrade my Order"", you authorize a one-time charge. This is a separate charge from your original purchase. By proceeding, you agree to our Terms of Use and Privacy Policy."
https://zonia-stg.com/rc-restore-life-6-discounted-bottles-2,"By clicking ""Yes, Upgrade my Order"", you authorize a one-time charge. This is a separate charge from your original purchase. By proceeding, you agree to our Terms of Use and Privacy Policy."
https://zonia-stg.com/restore-collagen-signup-1-bottle-2,"By clicking the ""Place order securely"" button below, you agree to our Terms of Use & Privacy Policy."
https://zonia-stg.com/restore-collagen-signup-5-bottles,"By clicking the ""Place order securely"" button below, you agree to our Terms of Use & Privacy Policy."
https://zonia-stg.com/restore-collagen-signup-2-bottles,"By clicking the ""Place order securely"" button below, you agree to our Terms of Use & Privacy Policy."
https://zonia-stg.com/restore-collagen-signup-11-bottles,"By clicking the ""Place order securely"" button below, you agree to our Terms of Use & Privacy Policy."
https://zonia-stg.com/restore-vision-6-more-bottles,"By clicking ""Yes, Upgrade my Order"", you authorize a one-time charge. This is a separate charge from your original purchase. By proceeding, you agree to our Terms of Use and Privacy Policy."
https://zonia-stg.com/rv-restore-sleep-6-discounted-bottles,"By clicking ""Yes, Upgrade my Order"", you authorize a one-time charge. This is a separate charge from your original purchase. By proceeding, you agree to our Terms of Use and Privacy Policy."
https://zonia-stg.com/rv-restore-detox-6-discounted-bottles,"By clicking ""Yes, Upgrade my Order"", you authorize a one-time charge. This is a separate charge from your original purchase. By proceeding, you agree to our Terms of Use and Privacy Policy."
https://zonia-stg.com/restore-vision-6-more-bottles-2,"By clicking ""Yes, Upgrade my Order"", you authorize a one-time charge. This is a separate charge from your original purchase. By proceeding, you agree to our Terms of Use and Privacy Policy."
https://zonia-stg.com/rv-restore-sleep-6-discounted-bottles-2,"By clicking ""Yes, Upgrade my Order"", you authorize a one-time charge. This is a separate charge from your original purchase. By proceeding, you agree to our Terms of Use and Privacy Policy."
https://zonia-stg.com/rv-restore-detox-6-discounted-bottles-2,"By clicking ""Yes, Upgrade my Order"", you authorize a one-time charge. This is a separate charge from your original purchase. By proceeding, you agree to our Terms of Use and Privacy Policy."
https://zonia-stg.com/restore-vision-signup-1-bottle,"By clicking the ""Place order securely"" button below, you agree to our Terms of Use & Privacy Policy."
https://zonia-stg.com/restore-vision-signup-3-bottles,"By clicking the ""Place order securely"" button below, you agree to our Terms of Use & Privacy Policy."
https://zonia-stg.com/restore-vision-signup-6-bottles,"By clicking the ""Place order securely"" button below, you agree to our Terms of Use & Privacy Policy."
https://zonia-stg.com/restore-vision-signup-1-bottle-2,"By clicking the ""Place order securely"" button below, you agree to our Terms of Use & Privacy Policy."
https://zonia-stg.com/restore-vision-signup-5-bottles,"By clicking the ""Place order securely"" button below, you agree to our Terms of Use & Privacy Policy."
https://zonia-stg.com/restore-vision-signup-2-bottles,"By clicking the ""Place order securely"" button below, you agree to our Terms of Use & Privacy Policy."
https://zonia-stg.com/restore-vision-signup-11-bottles,"By clicking the ""Place order securely"" button below, you agree to our Terms of Use & Privacy Policy."
https://zonia-stg.com/restore-gut-6-more-bottles,"By clicking ""Yes, Upgrade my Order"", you authorize a one-time charge. This is a separate charge from your original purchase. By proceeding, you agree to our Terms of Use and Privacy Policy."
https://zonia-stg.com/rg-restore-detox-6-discounted-bottles,"By clicking ""Yes, Upgrade my Order"", you authorize a one-time charge. This is a separate charge from your original purchase. By proceeding, you agree to our Terms of Use and Privacy Policy."
https://zonia-stg.com/rg-restore-sleep-6-discounted-bottles,"By clicking ""Yes, Upgrade my Order"", you authorize a one-time charge. This is a separate charge from your original purchase. By proceeding, you agree to our Terms of Use and Privacy Policy."
https://zonia-stg.com/restore-gut-6-more-bottles-2,"By clicking ""Yes, Upgrade my Order"", you authorize a one-time charge. This is a separate charge from your original purchase. By proceeding, you agree to our Terms of Use and Privacy Policy."
https://zonia-stg.com/rg-restore-detox-6-discounted-bottles-2,"By clicking ""Yes, Upgrade my Order"", you authorize a one-time charge. This is a separate charge from your original purchase. By proceeding, you agree to our Terms of Use and Privacy Policy."
https://zonia-stg.com/rg-restore-sleep-6-discounted-bottles-2,"By clicking ""Yes, Upgrade my Order"", you authorize a one-time charge. This is a separate charge from your original purchase. By proceeding, you agree to our Terms of Use and Privacy Policy."
https://zonia-stg.com/restore-gut-signup-1-bottle-2,"By clicking the ""Place order securely"" button below, you agree to our Terms of Use & Privacy Policy."
https://zonia-stg.com/restore-gut-signup-5-bottles,"By clicking the ""Place order securely"" button below, you agree to our Terms of Use & Privacy Policy."
https://zonia-stg.com/restore-gut-signup-2-bottles,"By clicking the ""Place order securely"" button below, you agree to our Terms of Use & Privacy Policy."
https://zonia-stg.com/restore-gut-signup-11-bottles,"By clicking the ""Place order securely"" button below, you agree to our Terms of Use & Privacy Policy."
https://zonia-stg.com/restore-sleep-6-more-bottles,"By clicking ""Yes, Upgrade my Order"", you authorize a one-time charge. This is a separate charge from your original purchase. By proceeding, you agree to our Terms of Use and Privacy Policy."
https://zonia-stg.com/rs-restore-life-6-discounted-bottles,"By clicking ""Yes, Upgrade my Order"", you authorize a one-time charge. This is a separate charge from your original purchase. By proceeding, you agree to our Terms of Use and Privacy Policy."
https://zonia-stg.com/rs-restore-detox-6-discounted-bottles,"By clicking ""Yes, Upgrade my Order"", you authorize a one-time charge. This is a separate charge from your original purchase. By proceeding, you agree to our Terms of Use and Privacy Policy."
https://zonia-stg.com/restore-sleep-6-more-bottles-2,"By clicking ""Yes, Upgrade my Order"", you authorize a one-time charge. This is a separate charge from your original purchase. By proceeding, you agree to our Terms of Use and Privacy Policy."
https://zonia-stg.com/rs-restore-life-6-discounted-bottles-2,"By clicking ""Yes, Upgrade my Order"", you authorize a one-time charge. This is a separate charge from your original purchase. By proceeding, you agree to our Terms of Use and Privacy Policy."
https://zonia-stg.com/rs-restore-detox-6-discounted-bottles-2,"By clicking ""Yes, Upgrade my Order"", you authorize a one-time charge. This is a separate charge from your original purchase. By proceeding, you agree to our Terms of Use and Privacy Policy."
https://zonia-stg.com/restore-sleep-signup-1-bottle,"By clicking the ""Place order securely"" button below, you agree to our Terms of Use & Privacy Policy."
https://zonia-stg.com/restore-sleep-signup-3-bottles,"By clicking the ""Place order securely"" button below, you agree to our Terms of Use & Privacy Policy."
https://zonia-stg.com/restore-sleep-signup-6-bottles,"By clicking the ""Place order securely"" button below, you agree to our Terms of Use & Privacy Policy."
https://zonia-stg.com/restore-sleep-signup-1-bottle-2,"By clicking the ""Place order securely"" button below, you agree to our Terms of Use & Privacy Policy."
https://zonia-stg.com/restore-sleep-signup-5-bottles,"By clicking the ""Place order securely"" button below, you agree to our Terms of Use & Privacy Policy."
https://zonia-stg.com/restore-sleep-signup-2-bottles,"By clicking the ""Place order securely"" button below, you agree to our Terms of Use & Privacy Policy."
https://zonia-stg.com/restore-sleep-signup-11-bottles,"By clicking the ""Place order securely"" button below, you agree to our Terms of Use & Privacy Policy."
https://zonia-stg.com/restore-detox-6-more-bottles,"By clicking ""Yes, Upgrade my Order"", you authorize a one-time charge. This is a separate charge from your original purchase. By proceeding, you agree to our Terms of Use and Privacy Policy."
https://zonia-stg.com/rd-restore-life-6-discounted-bottles,"By clicking ""Yes, Upgrade my Order"", you authorize a one-time charge. This is a separate charge from your original purchase. By proceeding, you agree to our Terms of Use and Privacy Policy."
https://zonia-stg.com/restore-detox-6-more-bottles-2,"By clicking ""Yes, Upgrade my Order"", you authorize a one-time charge. This is a separate charge from your original purchase. By proceeding, you agree to our Terms of Use and Privacy Policy."
https://zonia-stg.com/rd-restore-life-3-free-bottles,"By clicking ""Add to Order"", you authorize a one-time charge. This is a separate charge from your original purchase. By proceeding, you agree to our Terms of Use and Privacy Policy."
https://zonia-stg.com/restore-detox-signup-1-bottle-2,"By clicking the ""Place order securely"" button below, you agree to our Terms of Use & Privacy Policy."
https://zonia-stg.com/restore-detox-signup-5-bottles,"By clicking the ""Place order securely"" button below, you agree to our Terms of Use & Privacy Policy."
https://zonia-stg.com/restore-detox-signup-2-bottles,"By clicking the ""Place order securely"" button below, you agree to our Terms of Use & Privacy Policy."
https://zonia-stg.com/restore-detox-signup-11-bottles,"By clicking the ""Place order securely"" button below, you agree to our Terms of Use & Privacy Policy."
https://zonia-stg.com/restore-life-1b-oto-6-more-bottles,"By clicking ""Yes, Upgrade my Order"", you authorize a one-time charge. This is a separate charge from your original purchase. By proceeding, you agree to our Terms of Use and Privacy Policy."
https://zonia-stg.com/restore-life-3-oto-6-more-bottles,"By clicking ""Yes, Upgrade my Order"", you authorize a one-time charge. This is a separate charge from your original purchase. By proceeding, you agree to our Terms of Use and Privacy Policy."
https://zonia-stg.com/restore-life-6-oto-6-more-bottles,"By clicking ""Yes, Upgrade my Order"", you authorize a one-time charge. This is a separate charge from your original purchase. By proceeding, you agree to our Terms of Use and Privacy Policy."
https://zonia-stg.com/rl-restore-detox-special,"By clicking ""Add to Order"", you authorize a one-time charge. This is a separate charge from your original purchase. By proceeding, you agree to our Terms of Use and Privacy Policy."
https://zonia-stg.com/rl-rd-6-more-bottles,"By clicking ""Yes, Upgrade my Order"", you authorize a one-time charge. This is a separate charge from your original purchase. By proceeding, you agree to our Terms of Use and Privacy Policy."
https://zonia-stg.com/rl-rd-6-discounted-bottles,"By clicking ""Yes, Upgrade my Order"", you authorize a one-time charge. This is a separate charge from your original purchase. By proceeding, you agree to our Terms of Use and Privacy Policy."
https://zonia-stg.com/restore-life-signup-1-bottle,"By clicking the ""Place order securely"" button below, you agree to our Terms of Use & Privacy Policy."
https://zonia-stg.com/restore-life-signup-3-bottles,"By clicking the ""Place order securely"" button below, you agree to our Terms of Use & Privacy Policy."
https://zonia-stg.com/restore-life-signup-6-bottles,"By clicking the ""Place order securely"" button below, you agree to our Terms of Use & Privacy Policy."
https://zonia-stg.com/restore-life-1-oto-6-more-bottles,"By clicking ""Yes, Upgrade my Order"", you authorize a one-time charge. This is a separate charge from your original purchase. By proceeding, you agree to our Terms of Use and Privacy Policy."
https://zonia-stg.com/restore-life-2-oto-6-more-bottles,"By clicking ""Yes, Upgrade my Order"", you authorize a one-time charge. This is a separate charge from your original purchase. By proceeding, you agree to our Terms of Use and Privacy Policy."
https://zonia-stg.com/restore-life-5-oto-6-more-bottles,"By clicking ""Yes, Upgrade my Order"", you authorize a one-time charge. This is a separate charge from your original purchase. By proceeding, you agree to our Terms of Use and Privacy Policy."
https://zonia-stg.com/restore-life-10-oto-6-more-bottles,"By clicking ""Yes, Upgrade my Order"", you authorize a one-time charge. This is a separate charge from your original purchase. By proceeding, you agree to our Terms of Use and Privacy Policy."
https://zonia-stg.com/rl-restore-detox-3-free-bottles,"By clicking ""Add to Order"", you authorize a one-time charge. This is a separate charge from your original purchase. By proceeding, you agree to our Terms of Use and Privacy Policy."
https://zonia-stg.com/rl-restore-detox-6-more-bottles,"By clicking ""Yes, Upgrade my Order"", you authorize a one-time charge. This is a separate charge from your original purchase. By proceeding, you agree to our Terms of Use and Privacy Policy."
https://zonia-stg.com/restore-life-signup-1-bottle-b,"By clicking the ""Place order securely"" button below, you agree to our Terms of Use & Privacy Policy."
https://zonia-stg.com/restore-life-signup-5-bottles,"By clicking the ""Place order securely"" button below, you agree to our Terms of Use & Privacy Policy."
https://zonia-stg.com/restore-life-signup-2-bottles,"By clicking the ""Place order securely"" button below, you agree to our Terms of Use & Privacy Policy."
https://zonia-stg.com/restore-life-signup-11-bottles,"By clicking the ""Place order securely"" button below, you agree to our Terms of Use & Privacy Policy."
https://zonia-stg.com/restore-life-signup-1-bottle-special,"By clicking the ""Place order securely"" button below, you agree to our Terms of Use & Privacy Policy."
https://zonia-stg.com/restore-life-signup-5-bottles-special,"By clicking the ""Place order securely"" button below, you agree to our Terms of Use & Privacy Policy."
https://zonia-stg.com/restore-life-signup-2-bottles-special,"By clicking the ""Place order securely"" button below, you agree to our Terms of Use & Privacy Policy."
https://zonia-stg.com/restore-life-signup-11-bottles-special,"By clicking the ""Place order securely"" button below, you agree to our Terms of Use & Privacy Policy."
https://zonia-stg.com/restore-life-signup-1-bottle-special-mb,"By clicking the ""Place order securely"" button below, you agree to our Terms of Use & Privacy Policy."
https://zonia-stg.com/restore-life-signup-5-bottles-special-mb,"By clicking the ""Place order securely"" button below, you agree to our Terms of Use & Privacy Policy."
https://zonia-stg.com/restore-life-signup-2-bottles-special-mb,"By clicking the ""Place order securely"" button below, you agree to our Terms of Use & Privacy Policy."
https://zonia-stg.com/restore-life-signup-11-bottles-special-mb,"By clicking the ""Place order securely"" button below, you agree to our Terms of Use & Privacy Policy."
